/*
Navicat MySQL Data Transfer

Source Server         : localhost
Source Server Version : 50722
Source Host           : 127.0.0.1:3306
Source Database       : clouddb01

Target Server Type    : MYSQL
Target Server Version : 50722
File Encoding         : 65001

Date: 2019-10-25 07:48:37
*/

SET FOREIGN_KEY_CHECKS=0;

-- ----------------------------
-- Table structure for clientdetails
-- ----------------------------
DROP TABLE IF EXISTS `clientdetails`;
CREATE TABLE `clientdetails` (
  `appId` varchar(256) NOT NULL,
  `resourceIds` varchar(256) DEFAULT NULL,
  `appSecret` varchar(256) DEFAULT NULL,
  `scope` varchar(256) DEFAULT NULL,
  `grantTypes` varchar(256) DEFAULT NULL,
  `redirectUrl` varchar(256) DEFAULT NULL,
  `authorities` varchar(256) DEFAULT NULL,
  `access_token_validity` int(11) DEFAULT NULL,
  `refresh_token_validity` int(11) DEFAULT NULL,
  `additionalInformation` varchar(4096) DEFAULT NULL,
  `autoApproveScopes` varchar(256) DEFAULT NULL,
  PRIMARY KEY (`appId`) USING BTREE
) ENGINE=InnoDB DEFAULT CHARSET=utf8 ROW_FORMAT=DYNAMIC;

-- ----------------------------
-- Records of clientdetails
-- ----------------------------

-- ----------------------------
-- Table structure for dept
-- ----------------------------
DROP TABLE IF EXISTS `dept`;
CREATE TABLE `dept` (
  `deptno` bigint(20) NOT NULL AUTO_INCREMENT,
  `dname` varchar(255) DEFAULT NULL,
  `db_source` varchar(255) DEFAULT NULL,
  PRIMARY KEY (`deptno`) USING BTREE
) ENGINE=InnoDB AUTO_INCREMENT=2 DEFAULT CHARSET=utf8 ROW_FORMAT=DYNAMIC;

-- ----------------------------
-- Records of dept
-- ----------------------------
INSERT INTO `dept` VALUES ('1', '1', '1');

-- ----------------------------
-- Table structure for elastic_job_config
-- ----------------------------
DROP TABLE IF EXISTS `elastic_job_config`;
CREATE TABLE `elastic_job_config` (
  `id` int(11) NOT NULL AUTO_INCREMENT,
  `job_name` varchar(255) NOT NULL COMMENT '作业名称',
  `cron` varchar(50) NOT NULL COMMENT 'cron表达式，用于控制作业触发时间',
  `sharding_total_count` int(3) NOT NULL COMMENT '作业分片总数',
  `sharding_item_parameters` varchar(255) DEFAULT NULL COMMENT '分片序列,列号从0开始,不可大于或等于作业分片总数.如：0=a,1=b,2=c',
  `job_parameter` varchar(255) DEFAULT NULL COMMENT '作业自定义参数',
  `failover` enum('false','true') DEFAULT 'true' COMMENT '是否开启任务执行失效转移',
  `misfire` enum('false','true') DEFAULT 'true' COMMENT '是否开启错过任务重新执行',
  `description` varchar(255) DEFAULT NULL COMMENT '作业描述信息',
  `job_class` varchar(255) NOT NULL COMMENT '作业实现类',
  `streaming_process` enum('false','true') DEFAULT 'true' COMMENT '是否流式处理数据（只有Dataflow类型支持）',
  `job_config` text,
  PRIMARY KEY (`id`),
  UNIQUE KEY `jobName` (`job_name`)
) ENGINE=InnoDB AUTO_INCREMENT=2 DEFAULT CHARSET=utf8;

-- ----------------------------
-- Records of elastic_job_config
-- ----------------------------
INSERT INTO `elastic_job_config` VALUES ('1', 'DemoSimpleJob', '0/3 * * * * ?', '2', '0=a,1=b', '', 'true', 'true', '测试定时任务', 'com.xuecheng.elasticjob.task.DemoSimpleJob', 'true', '');

-- ----------------------------
-- Table structure for elastic_job_config_log
-- ----------------------------
DROP TABLE IF EXISTS `elastic_job_config_log`;
CREATE TABLE `elastic_job_config_log` (
  `id` int(11) NOT NULL AUTO_INCREMENT,
  `job_name` varchar(255) NOT NULL COMMENT '作业名称',
  `cron` varchar(50) NOT NULL COMMENT 'cron表达式，用于控制作业触发时间',
  `sharding_total_count` int(3) NOT NULL COMMENT '作业分片总数',
  `sharding_item_parameters` varchar(255) DEFAULT NULL COMMENT '分片序列,列号从0开始,不可大于或等于作业分片总数.如：0=a,1=b,2=c',
  `job_parameter` varchar(255) DEFAULT NULL COMMENT '作业自定义参数',
  `failover` enum('false','true') DEFAULT 'true' COMMENT '是否开启任务执行失效转移',
  `misfire` enum('false','true') DEFAULT 'true' COMMENT '是否开启错过任务重新执行',
  `description` varchar(255) DEFAULT NULL COMMENT '作业描述信息',
  `job_class` varchar(255) NOT NULL COMMENT '作业实现类',
  `streaming_process` enum('false','true') DEFAULT 'true' COMMENT '是否流式处理数据（只有Dataflow类型支持）',
  `job_config` text,
  `create_time` datetime DEFAULT NULL,
  PRIMARY KEY (`id`)
) ENGINE=InnoDB DEFAULT CHARSET=utf8;

-- ----------------------------
-- Records of elastic_job_config_log
-- ----------------------------

-- ----------------------------
-- Table structure for hibernate_sequence
-- ----------------------------
DROP TABLE IF EXISTS `hibernate_sequence`;
CREATE TABLE `hibernate_sequence` (
  `next_val` bigint(20) DEFAULT NULL
) ENGINE=MyISAM DEFAULT CHARSET=utf8 ROW_FORMAT=FIXED;

-- ----------------------------
-- Records of hibernate_sequence
-- ----------------------------
INSERT INTO `hibernate_sequence` VALUES ('1');
INSERT INTO `hibernate_sequence` VALUES ('1');
INSERT INTO `hibernate_sequence` VALUES ('1');
INSERT INTO `hibernate_sequence` VALUES ('1');
INSERT INTO `hibernate_sequence` VALUES ('1');
INSERT INTO `hibernate_sequence` VALUES ('1');
INSERT INTO `hibernate_sequence` VALUES ('1');
INSERT INTO `hibernate_sequence` VALUES ('1');
INSERT INTO `hibernate_sequence` VALUES ('1');
INSERT INTO `hibernate_sequence` VALUES ('1');
INSERT INTO `hibernate_sequence` VALUES ('1');
INSERT INTO `hibernate_sequence` VALUES ('1');

-- ----------------------------
-- Table structure for item_category
-- ----------------------------
DROP TABLE IF EXISTS `item_category`;
CREATE TABLE `item_category` (
  `item_id` int(11) NOT NULL,
  `category_id` int(11) NOT NULL,
  PRIMARY KEY (`item_id`,`category_id`) USING BTREE,
  KEY `FKt0yicnl43w57jdoyd1n7harep` (`category_id`) USING BTREE,
  CONSTRAINT `FKbtpafyukdpmdi8p59r924gysp` FOREIGN KEY (`category_id`) REFERENCES `jpa_categories` (`id`),
  CONSTRAINT `FKmr83qyd0fxixj423wikw39k1j` FOREIGN KEY (`item_id`) REFERENCES `jpa_items` (`id`),
  CONSTRAINT `FKr0qeci46e5rjbc8gqv0mdsrd2` FOREIGN KEY (`item_id`) REFERENCES `jpa_items` (`id`),
  CONSTRAINT `FKt0yicnl43w57jdoyd1n7harep` FOREIGN KEY (`category_id`) REFERENCES `jpa_categories` (`id`)
) ENGINE=InnoDB DEFAULT CHARSET=utf8 ROW_FORMAT=DYNAMIC;

-- ----------------------------
-- Records of item_category
-- ----------------------------
INSERT INTO `item_category` VALUES ('1', '1');
INSERT INTO `item_category` VALUES ('2', '1');
INSERT INTO `item_category` VALUES ('1', '2');
INSERT INTO `item_category` VALUES ('2', '2');
INSERT INTO `item_category` VALUES ('3', '3');
INSERT INTO `item_category` VALUES ('4', '3');
INSERT INTO `item_category` VALUES ('3', '4');
INSERT INTO `item_category` VALUES ('4', '4');
INSERT INTO `item_category` VALUES ('5', '5');
INSERT INTO `item_category` VALUES ('6', '5');
INSERT INTO `item_category` VALUES ('5', '6');
INSERT INTO `item_category` VALUES ('6', '6');

-- ----------------------------
-- Table structure for job_execution_log
-- ----------------------------
DROP TABLE IF EXISTS `job_execution_log`;
CREATE TABLE `job_execution_log` (
  `id` varchar(40) NOT NULL,
  `job_name` varchar(100) NOT NULL,
  `task_id` varchar(255) NOT NULL,
  `hostname` varchar(255) NOT NULL,
  `ip` varchar(50) NOT NULL,
  `sharding_item` int(11) NOT NULL,
  `execution_source` varchar(20) NOT NULL,
  `failure_cause` varchar(4000) DEFAULT NULL,
  `is_success` int(11) NOT NULL,
  `start_time` timestamp NULL DEFAULT NULL,
  `complete_time` timestamp NULL DEFAULT NULL,
  PRIMARY KEY (`id`)
) ENGINE=InnoDB DEFAULT CHARSET=utf8;

-- ----------------------------
-- Records of job_execution_log
-- ----------------------------
INSERT INTO `job_execution_log` VALUES ('000cf55f-2dbb-444a-b18f-ae8db25f06da', 'DemoSimpleJob', 'DemoSimpleJob@-@1@-@READY@-@192.168.100.1@-@13592', 'LAPTOP-VMJC0VKV', '192.168.100.1', '1', 'NORMAL_TRIGGER', null, '1', '2019-10-19 14:23:10', '2019-10-19 14:23:10');

-- ----------------------------
-- Table structure for job_status_trace_log
-- ----------------------------
DROP TABLE IF EXISTS `job_status_trace_log`;
CREATE TABLE `job_status_trace_log` (
  `id` varchar(40) NOT NULL,
  `job_name` varchar(100) NOT NULL,
  `original_task_id` varchar(255) NOT NULL,
  `task_id` varchar(255) NOT NULL,
  `slave_id` varchar(50) NOT NULL,
  `source` varchar(50) NOT NULL,
  `execution_type` varchar(20) NOT NULL,
  `sharding_item` varchar(100) NOT NULL,
  `state` varchar(20) NOT NULL,
  `message` varchar(4000) DEFAULT NULL,
  `creation_time` timestamp NULL DEFAULT NULL,
  PRIMARY KEY (`id`),
  KEY `TASK_ID_STATE_INDEX` (`task_id`,`state`)
) ENGINE=InnoDB DEFAULT CHARSET=utf8;

-- ----------------------------
-- Records of job_status_trace_log
-- ----------------------------
INSERT INTO `job_status_trace_log` VALUES ('00020b84-d3d3-4c63-9e35-d94387c0a5ba', 'DemoSimpleJob', '', 'DemoSimpleJob@-@0@-@READY@-@192.168.100.1@-@5480', '192.168.100.1', 'LITE_EXECUTOR', 'READY', '[0]', 'TASK_RUNNING', '', '2019-10-19 14:18:19');

-- ----------------------------
-- Table structure for jpa_addresses
-- ----------------------------
DROP TABLE IF EXISTS `jpa_addresses`;
CREATE TABLE `jpa_addresses` (
  `id` int(11) NOT NULL AUTO_INCREMENT,
  `city` varchar(255) DEFAULT NULL,
  `province` varchar(255) DEFAULT NULL,
  PRIMARY KEY (`id`) USING BTREE
) ENGINE=InnoDB DEFAULT CHARSET=utf8 ROW_FORMAT=DYNAMIC;

-- ----------------------------
-- Records of jpa_addresses
-- ----------------------------

-- ----------------------------
-- Table structure for jpa_categories
-- ----------------------------
DROP TABLE IF EXISTS `jpa_categories`;
CREATE TABLE `jpa_categories` (
  `id` int(11) NOT NULL AUTO_INCREMENT,
  `category_name` varchar(255) DEFAULT NULL,
  PRIMARY KEY (`id`) USING BTREE
) ENGINE=InnoDB AUTO_INCREMENT=7 DEFAULT CHARSET=utf8 ROW_FORMAT=DYNAMIC;

-- ----------------------------
-- Records of jpa_categories
-- ----------------------------
INSERT INTO `jpa_categories` VALUES ('1', 'C-1');
INSERT INTO `jpa_categories` VALUES ('2', 'C-2');
INSERT INTO `jpa_categories` VALUES ('3', 'C-1');
INSERT INTO `jpa_categories` VALUES ('4', 'C-2');
INSERT INTO `jpa_categories` VALUES ('5', 'C-1');
INSERT INTO `jpa_categories` VALUES ('6', 'C-2');

-- ----------------------------
-- Table structure for jpa_cutomers
-- ----------------------------
DROP TABLE IF EXISTS `jpa_cutomers`;
CREATE TABLE `jpa_cutomers` (
  `id` int(11) NOT NULL AUTO_INCREMENT,
  `age` int(11) NOT NULL,
  `birth` date DEFAULT NULL,
  `created_time` datetime DEFAULT NULL,
  `email` varchar(255) DEFAULT NULL,
  `last_name` varchar(50) NOT NULL,
  `createdTime` datetime DEFAULT NULL,
  PRIMARY KEY (`id`) USING BTREE
) ENGINE=InnoDB AUTO_INCREMENT=21 DEFAULT CHARSET=utf8 ROW_FORMAT=DYNAMIC;

-- ----------------------------
-- Records of jpa_cutomers
-- ----------------------------
INSERT INTO `jpa_cutomers` VALUES ('5', '18', '2019-03-27', '2019-03-27 17:32:44', 'mm@163.com', 'MM', null);
INSERT INTO `jpa_cutomers` VALUES ('6', '18', '2019-03-28', '2019-03-28 09:30:31', 'cc@163.com', 'CC', null);
INSERT INTO `jpa_cutomers` VALUES ('7', '18', '2019-03-28', '2019-03-28 09:31:42', 'gg@163.com', '11', null);
INSERT INTO `jpa_cutomers` VALUES ('8', '18', '2019-03-28', '2019-03-28 09:32:47', 'cc@163.com', 'CC', null);
INSERT INTO `jpa_cutomers` VALUES ('9', '18', '2019-03-28', '2019-03-28 09:35:48', 'cc@163.com', 'CC', null);
INSERT INTO `jpa_cutomers` VALUES ('10', '18', '2019-03-28', '2019-03-28 09:37:11', 'cc@163.com', 'CC', null);
INSERT INTO `jpa_cutomers` VALUES ('11', '18', '2019-03-28', '2019-03-28 09:38:38', 'cc@163.com', 'CC', null);
INSERT INTO `jpa_cutomers` VALUES ('12', '18', '2019-03-28', null, 'cc@163.com', 'YYY', '2019-03-28 09:46:25');
INSERT INTO `jpa_cutomers` VALUES ('13', '18', '2019-03-28', null, 'cc@163.com', 'CC', '2019-03-28 09:48:42');
INSERT INTO `jpa_cutomers` VALUES ('14', '18', '2019-03-28', null, 'cc@163.com', 'CC', '2019-03-28 10:05:05');
INSERT INTO `jpa_cutomers` VALUES ('15', '18', '2019-03-28', null, 'cc@163.com', 'CC', '2019-03-28 10:16:38');
INSERT INTO `jpa_cutomers` VALUES ('16', '18', '2019-03-28', null, 'cc@163.com', 'CC', '2019-03-28 10:18:49');
INSERT INTO `jpa_cutomers` VALUES ('17', '18', '2019-03-28', null, 'cc@163.com', 'CC', '2019-03-28 10:24:40');
INSERT INTO `jpa_cutomers` VALUES ('18', '18', '2019-04-01', null, 'cc@163.com', 'CC', '2019-04-01 11:07:43');
INSERT INTO `jpa_cutomers` VALUES ('19', '18', '2019-04-01', null, 'gg@163.com', '11', '2019-04-01 11:07:43');
INSERT INTO `jpa_cutomers` VALUES ('20', '18', '2019-04-01', null, 'mm@163.com', 'MM', '2019-04-01 11:07:43');

-- ----------------------------
-- Table structure for jpa_departments
-- ----------------------------
DROP TABLE IF EXISTS `jpa_departments`;
CREATE TABLE `jpa_departments` (
  `id` int(11) NOT NULL AUTO_INCREMENT,
  `dept_name` varchar(255) DEFAULT NULL,
  `mgr_id` int(11) DEFAULT NULL,
  PRIMARY KEY (`id`) USING BTREE,
  UNIQUE KEY `UK_k849of96k8807y8lka1wpyj40` (`mgr_id`) USING BTREE,
  CONSTRAINT `FK6ua91hybvipfwmqoiok3j9str` FOREIGN KEY (`mgr_id`) REFERENCES `jpa_managers` (`id`),
  CONSTRAINT `FKj1u7tnbsft6jsjxe5pts0niy8` FOREIGN KEY (`mgr_id`) REFERENCES `jpa_managers` (`id`)
) ENGINE=InnoDB AUTO_INCREMENT=5 DEFAULT CHARSET=utf8 ROW_FORMAT=DYNAMIC;

-- ----------------------------
-- Records of jpa_departments
-- ----------------------------
INSERT INTO `jpa_departments` VALUES ('1', 'D-BB', '1');
INSERT INTO `jpa_departments` VALUES ('2', 'D-BB', '2');
INSERT INTO `jpa_departments` VALUES ('3', 'D-BB', '3');
INSERT INTO `jpa_departments` VALUES ('4', 'D-BB', '4');

-- ----------------------------
-- Table structure for jpa_items
-- ----------------------------
DROP TABLE IF EXISTS `jpa_items`;
CREATE TABLE `jpa_items` (
  `id` int(11) NOT NULL AUTO_INCREMENT,
  `item_name` varchar(255) DEFAULT NULL,
  PRIMARY KEY (`id`) USING BTREE
) ENGINE=InnoDB AUTO_INCREMENT=7 DEFAULT CHARSET=utf8 ROW_FORMAT=DYNAMIC;

-- ----------------------------
-- Records of jpa_items
-- ----------------------------
INSERT INTO `jpa_items` VALUES ('1', 'i-1');
INSERT INTO `jpa_items` VALUES ('2', 'i-2');
INSERT INTO `jpa_items` VALUES ('3', 'i-1');
INSERT INTO `jpa_items` VALUES ('4', 'i-2');
INSERT INTO `jpa_items` VALUES ('5', 'i-1');
INSERT INTO `jpa_items` VALUES ('6', 'i-2');

-- ----------------------------
-- Table structure for jpa_managers
-- ----------------------------
DROP TABLE IF EXISTS `jpa_managers`;
CREATE TABLE `jpa_managers` (
  `id` int(11) NOT NULL AUTO_INCREMENT,
  `mgr_name` varchar(255) DEFAULT NULL,
  PRIMARY KEY (`id`) USING BTREE
) ENGINE=InnoDB AUTO_INCREMENT=5 DEFAULT CHARSET=utf8 ROW_FORMAT=DYNAMIC;

-- ----------------------------
-- Records of jpa_managers
-- ----------------------------
INSERT INTO `jpa_managers` VALUES ('1', 'M-BB');
INSERT INTO `jpa_managers` VALUES ('2', 'M-BB');
INSERT INTO `jpa_managers` VALUES ('3', 'M-BB');
INSERT INTO `jpa_managers` VALUES ('4', 'M-BB');

-- ----------------------------
-- Table structure for jpa_orders
-- ----------------------------
DROP TABLE IF EXISTS `jpa_orders`;
CREATE TABLE `jpa_orders` (
  `id` int(11) NOT NULL AUTO_INCREMENT,
  `order_name` varchar(255) DEFAULT NULL,
  `customer_id` int(11) DEFAULT NULL,
  PRIMARY KEY (`id`) USING BTREE,
  KEY `FKilvkw5ve6aj6d9rgenldvkl1h` (`customer_id`) USING BTREE,
  CONSTRAINT `FKil9sy8cw3dr16y08ew9l2m2dt` FOREIGN KEY (`customer_id`) REFERENCES `jpa_cutomers` (`id`),
  CONSTRAINT `FKilvkw5ve6aj6d9rgenldvkl1h` FOREIGN KEY (`customer_id`) REFERENCES `jpa_cutomers` (`id`)
) ENGINE=InnoDB AUTO_INCREMENT=9 DEFAULT CHARSET=utf8 ROW_FORMAT=DYNAMIC;

-- ----------------------------
-- Records of jpa_orders
-- ----------------------------
INSERT INTO `jpa_orders` VALUES ('1', 'O-MM-1', '5');
INSERT INTO `jpa_orders` VALUES ('2', 'O-MM-2', '5');
INSERT INTO `jpa_orders` VALUES ('3', 'G-GG-1', '7');
INSERT INTO `jpa_orders` VALUES ('4', 'G-GG-2', '7');
INSERT INTO `jpa_orders` VALUES ('5', 'G-GG-1', '19');
INSERT INTO `jpa_orders` VALUES ('6', 'G-GG-2', '19');
INSERT INTO `jpa_orders` VALUES ('7', 'O-MM-1', '20');
INSERT INTO `jpa_orders` VALUES ('8', 'O-MM-2', '20');

-- ----------------------------
-- Table structure for jpa_persons
-- ----------------------------
DROP TABLE IF EXISTS `jpa_persons`;
CREATE TABLE `jpa_persons` (
  `id` int(11) NOT NULL AUTO_INCREMENT,
  `add_id` int(11) DEFAULT NULL,
  `birth` datetime DEFAULT NULL,
  `email` varchar(255) DEFAULT NULL,
  `last_name` varchar(255) DEFAULT NULL,
  `address_id` int(11) DEFAULT NULL,
  `lastName` varchar(255) DEFAULT NULL,
  PRIMARY KEY (`id`) USING BTREE,
  KEY `FKkqvh6vqoweqc9wg2vmdbsql7h` (`address_id`) USING BTREE,
  CONSTRAINT `FKkqvh6vqoweqc9wg2vmdbsql7h` FOREIGN KEY (`address_id`) REFERENCES `jpa_addresses` (`id`),
  CONSTRAINT `FKoo9c36j1htijkrjvvxi6vf3uv` FOREIGN KEY (`address_id`) REFERENCES `jpa_addresses` (`id`)
) ENGINE=InnoDB AUTO_INCREMENT=54 DEFAULT CHARSET=utf8 ROW_FORMAT=DYNAMIC;

-- ----------------------------
-- Records of jpa_persons
-- ----------------------------
INSERT INTO `jpa_persons` VALUES ('1', '1', '2019-03-06 18:13:16', '12', 'cxw', null, null);
INSERT INTO `jpa_persons` VALUES ('2', '98', '2019-03-06 18:43:34', 'aa@atguigu.com', 'aa', null, null);
INSERT INTO `jpa_persons` VALUES ('3', '99', '2019-03-06 18:43:34', 'bb@atguigu.com', 'bb', null, null);
INSERT INTO `jpa_persons` VALUES ('4', '100', '2019-03-06 18:43:34', 'cc@atguigu.com', 'cc', null, null);
INSERT INTO `jpa_persons` VALUES ('5', '101', '2019-03-06 18:43:34', 'dd@atguigu.com', 'dd', null, null);
INSERT INTO `jpa_persons` VALUES ('6', '102', '2019-03-06 18:43:34', 'ee@atguigu.com', 'ee', null, null);
INSERT INTO `jpa_persons` VALUES ('7', '103', '2019-03-06 18:43:34', 'ff@atguigu.com', 'ff', null, null);
INSERT INTO `jpa_persons` VALUES ('8', '104', '2019-03-06 18:43:34', 'gg@atguigu.com', 'gg', null, null);
INSERT INTO `jpa_persons` VALUES ('9', '105', '2019-03-06 18:43:34', 'hh@atguigu.com', 'hh', null, null);
INSERT INTO `jpa_persons` VALUES ('10', '106', '2019-03-06 18:43:34', 'ii@atguigu.com', 'ii', null, null);
INSERT INTO `jpa_persons` VALUES ('11', '107', '2019-03-06 18:43:34', 'jj@atguigu.com', 'jj', null, null);
INSERT INTO `jpa_persons` VALUES ('12', '108', '2019-03-06 18:43:34', 'kk@atguigu.com', 'kk', null, null);
INSERT INTO `jpa_persons` VALUES ('13', '109', '2019-03-06 18:43:34', 'll@atguigu.com', 'll', null, null);
INSERT INTO `jpa_persons` VALUES ('14', '110', '2019-03-06 18:43:34', 'mm@atguigu.com', 'mm', null, null);
INSERT INTO `jpa_persons` VALUES ('15', '111', '2019-03-06 18:43:34', 'nn@atguigu.com', 'nn', null, null);
INSERT INTO `jpa_persons` VALUES ('16', '112', '2019-03-06 18:43:34', 'oo@atguigu.com', 'oo', null, null);
INSERT INTO `jpa_persons` VALUES ('17', '113', '2019-03-06 18:43:34', 'pp@atguigu.com', 'pp', null, null);
INSERT INTO `jpa_persons` VALUES ('18', '114', '2019-03-06 18:43:34', 'qq@atguigu.com', 'qq', null, null);
INSERT INTO `jpa_persons` VALUES ('19', '115', '2019-03-06 18:43:34', 'rr@atguigu.com', 'rr', null, null);
INSERT INTO `jpa_persons` VALUES ('20', '116', '2019-03-06 18:43:34', 'ss@atguigu.com', 'ss', null, null);
INSERT INTO `jpa_persons` VALUES ('21', '117', '2019-03-06 18:43:34', 'tt@atguigu.com', 'tt', null, null);
INSERT INTO `jpa_persons` VALUES ('22', '118', '2019-03-06 18:43:34', 'uu@atguigu.com', 'uu', null, null);
INSERT INTO `jpa_persons` VALUES ('23', '119', '2019-03-06 18:43:34', 'vv@atguigu.com', 'vv', null, null);
INSERT INTO `jpa_persons` VALUES ('24', '120', '2019-03-06 18:43:34', 'ww@atguigu.com', 'ww', null, null);
INSERT INTO `jpa_persons` VALUES ('25', '121', '2019-03-06 18:43:34', 'xx@atguigu.com', 'xx', null, null);
INSERT INTO `jpa_persons` VALUES ('26', '122', '2019-03-06 18:43:34', 'yy@atguigu.com', 'yy', null, null);
INSERT INTO `jpa_persons` VALUES ('27', '123', '2019-03-06 18:43:34', 'zz@atguigu.com', 'zz', null, null);
INSERT INTO `jpa_persons` VALUES ('28', '98', '2019-03-06 18:45:00', 'aa@atguigu.com', 'aa', null, null);
INSERT INTO `jpa_persons` VALUES ('29', '99', '2019-03-06 18:45:00', 'bb@atguigu.com', 'bb', null, null);
INSERT INTO `jpa_persons` VALUES ('30', '100', '2019-03-06 18:45:00', 'cc@atguigu.com', 'cc', null, null);
INSERT INTO `jpa_persons` VALUES ('31', '101', '2019-03-06 18:45:00', 'dd@atguigu.com', 'dd', null, null);
INSERT INTO `jpa_persons` VALUES ('32', '102', '2019-03-06 18:45:00', 'ee@atguigu.com', 'ee', null, null);
INSERT INTO `jpa_persons` VALUES ('33', '103', '2019-03-06 18:45:00', 'ff@atguigu.com', 'ff', null, null);
INSERT INTO `jpa_persons` VALUES ('34', '104', '2019-03-06 18:45:00', 'gg@atguigu.com', 'gg', null, null);
INSERT INTO `jpa_persons` VALUES ('35', '105', '2019-03-06 18:45:00', 'hh@atguigu.com', 'hh', null, null);
INSERT INTO `jpa_persons` VALUES ('36', '106', '2019-03-06 18:45:00', 'ii@atguigu.com', 'ii', null, null);
INSERT INTO `jpa_persons` VALUES ('37', '107', '2019-03-06 18:45:00', 'jj@atguigu.com', 'jj', null, null);
INSERT INTO `jpa_persons` VALUES ('38', '108', '2019-03-06 18:45:00', 'kk@atguigu.com', 'kk', null, null);
INSERT INTO `jpa_persons` VALUES ('39', '109', '2019-03-06 18:45:00', 'll@atguigu.com', 'll', null, null);
INSERT INTO `jpa_persons` VALUES ('40', '110', '2019-03-06 18:45:00', 'mm@atguigu.com', 'mm', null, null);
INSERT INTO `jpa_persons` VALUES ('41', '111', '2019-03-06 18:45:00', 'nn@atguigu.com', 'nn', null, null);
INSERT INTO `jpa_persons` VALUES ('42', '112', '2019-03-06 18:45:00', 'oo@atguigu.com', 'oo', null, null);
INSERT INTO `jpa_persons` VALUES ('43', '113', '2019-03-06 18:45:00', 'pp@atguigu.com', 'pp', null, null);
INSERT INTO `jpa_persons` VALUES ('44', '114', '2019-03-06 18:45:00', 'qq@atguigu.com', 'qq', null, null);
INSERT INTO `jpa_persons` VALUES ('45', '115', '2019-03-06 18:45:00', 'rr@atguigu.com', 'rr', null, null);
INSERT INTO `jpa_persons` VALUES ('46', '116', '2019-03-06 18:45:00', 'ss@atguigu.com', 'ss', null, null);
INSERT INTO `jpa_persons` VALUES ('47', '117', '2019-03-06 18:45:00', 'tt@atguigu.com', 'tt', null, null);
INSERT INTO `jpa_persons` VALUES ('48', '118', '2019-03-06 18:45:00', 'uu@atguigu.com', 'uu', null, null);
INSERT INTO `jpa_persons` VALUES ('49', '119', '2019-03-06 18:45:00', 'vv@atguigu.com', 'vv', null, null);
INSERT INTO `jpa_persons` VALUES ('50', '120', '2019-03-06 18:45:00', 'ww@atguigu.com', 'ww', null, null);
INSERT INTO `jpa_persons` VALUES ('51', '121', '2019-03-06 18:45:00', 'xx@atguigu.com', 'xx', null, null);
INSERT INTO `jpa_persons` VALUES ('52', '122', '2019-03-06 18:45:00', 'yy@atguigu.com', 'yy', null, null);
INSERT INTO `jpa_persons` VALUES ('53', '123', '2019-03-06 18:45:00', 'zz@atguigu.com', 'zz', null, null);

-- ----------------------------
-- Table structure for oauth_access_token
-- ----------------------------
DROP TABLE IF EXISTS `oauth_access_token`;
CREATE TABLE `oauth_access_token` (
  `token_id` varchar(256) DEFAULT NULL,
  `token` blob,
  `authentication_id` varchar(256) NOT NULL,
  `user_name` varchar(256) DEFAULT NULL,
  `client_id` varchar(256) DEFAULT NULL,
  `authentication` blob,
  `refresh_token` varchar(256) DEFAULT NULL,
  PRIMARY KEY (`authentication_id`) USING BTREE
) ENGINE=InnoDB DEFAULT CHARSET=utf8 ROW_FORMAT=DYNAMIC;

-- ----------------------------
-- Records of oauth_access_token
-- ----------------------------
INSERT INTO `oauth_access_token` VALUES ('7b138179abc358236a6055f4d89c5f61', 0xACED0005737200436F72672E737072696E676672616D65776F726B2E73656375726974792E6F61757468322E636F6D6D6F6E2E44656661756C744F4175746832416363657373546F6B656E0CB29E361B24FACE0200064C00156164646974696F6E616C496E666F726D6174696F6E74000F4C6A6176612F7574696C2F4D61703B4C000A65787069726174696F6E7400104C6A6176612F7574696C2F446174653B4C000C72656672657368546F6B656E74003F4C6F72672F737072696E676672616D65776F726B2F73656375726974792F6F61757468322F636F6D6D6F6E2F4F417574683252656672657368546F6B656E3B4C000573636F706574000F4C6A6176612F7574696C2F5365743B4C0009746F6B656E547970657400124C6A6176612F6C616E672F537472696E673B4C000576616C756571007E000578707372001E6A6176612E7574696C2E436F6C6C656374696F6E7324456D7074794D6170593614855ADCE7D002000078707372000E6A6176612E7574696C2E44617465686A81014B597419030000787077080000016A1E4EE9077870737200256A6176612E7574696C2E436F6C6C656374696F6E7324556E6D6F6469666961626C65536574801D92D18F9B80550200007872002C6A6176612E7574696C2E436F6C6C656374696F6E7324556E6D6F6469666961626C65436F6C6C656374696F6E19420080CB5EF71E0200014C0001637400164C6A6176612F7574696C2F436F6C6C656374696F6E3B7870737200176A6176612E7574696C2E4C696E6B656448617368536574D86CD75A95DD2A1E020000787200116A6176612E7574696C2E48617368536574BA44859596B8B7340300007870770C000000023F40000000000001740003616C6C7874000662656172657274002435636134353039332D336137382D343563372D623835312D663833353636383231653233, '2e51f8f79f331536692be5e39540ee62', null, 'client_2', 0xACED0005737200416F72672E737072696E676672616D65776F726B2E73656375726974792E6F61757468322E70726F76696465722E4F417574683241757468656E7469636174696F6EBD400B02166252130200024C000D73746F7265645265717565737474003C4C6F72672F737072696E676672616D65776F726B2F73656375726974792F6F61757468322F70726F76696465722F4F4175746832526571756573743B4C00127573657241757468656E7469636174696F6E7400324C6F72672F737072696E676672616D65776F726B2F73656375726974792F636F72652F41757468656E7469636174696F6E3B787200476F72672E737072696E676672616D65776F726B2E73656375726974792E61757468656E7469636174696F6E2E416273747261637441757468656E7469636174696F6E546F6B656ED3AA287E6E47640E0200035A000D61757468656E746963617465644C000B617574686F7269746965737400164C6A6176612F7574696C2F436F6C6C656374696F6E3B4C000764657461696C737400124C6A6176612F6C616E672F4F626A6563743B787000737200266A6176612E7574696C2E436F6C6C656374696F6E7324556E6D6F6469666961626C654C697374FC0F2531B5EC8E100200014C00046C6973747400104C6A6176612F7574696C2F4C6973743B7872002C6A6176612E7574696C2E436F6C6C656374696F6E7324556E6D6F6469666961626C65436F6C6C656374696F6E19420080CB5EF71E0200014C00016371007E00047870737200136A6176612E7574696C2E41727261794C6973747881D21D99C7619D03000149000473697A65787000000001770400000001737200426F72672E737072696E676672616D65776F726B2E73656375726974792E636F72652E617574686F726974792E53696D706C654772616E746564417574686F7269747900000000000001FE0200014C0004726F6C657400124C6A6176612F6C616E672F537472696E673B78707400066F61757468327871007E000C707372003A6F72672E737072696E676672616D65776F726B2E73656375726974792E6F61757468322E70726F76696465722E4F41757468325265717565737400000000000000010200075A0008617070726F7665644C000B617574686F72697469657371007E00044C000A657874656E73696F6E7374000F4C6A6176612F7574696C2F4D61703B4C000B726564697265637455726971007E000E4C00077265667265736874003B4C6F72672F737072696E676672616D65776F726B2F73656375726974792F6F61757468322F70726F76696465722F546F6B656E526571756573743B4C000B7265736F7572636549647374000F4C6A6176612F7574696C2F5365743B4C000D726573706F6E7365547970657371007E0014787200386F72672E737072696E676672616D65776F726B2E73656375726974792E6F61757468322E70726F76696465722E426173655265717565737436287A3EA37169BD0200034C0008636C69656E74496471007E000E4C001172657175657374506172616D657465727371007E00124C000573636F706571007E00147870740008636C69656E745F32737200256A6176612E7574696C2E436F6C6C656374696F6E7324556E6D6F6469666961626C654D6170F1A5A8FE74F507420200014C00016D71007E00127870737200116A6176612E7574696C2E486173684D61700507DAC1C31660D103000246000A6C6F6164466163746F724900097468726573686F6C6478703F400000000000067708000000080000000474000A6772616E745F74797065740012636C69656E745F63726564656E7469616C73740009636C69656E745F6964740008636C69656E745F3274000573636F7065740003616C6C740008757365726E616D6574000561646D696E78737200256A6176612E7574696C2E436F6C6C656374696F6E7324556E6D6F6469666961626C65536574801D92D18F9B80550200007871007E0009737200176A6176612E7574696C2E4C696E6B656448617368536574D86CD75A95DD2A1E020000787200116A6176612E7574696C2E48617368536574BA44859596B8B7340300007870770C000000103F4000000000000171007E002178017371007E0027770C000000103F4000000000000171007E000F787371007E001A3F40000000000000770800000010000000007870707371007E0027770C000000103F40000000000000787371007E0027770C000000103F400000000000007870, null);
INSERT INTO `oauth_access_token` VALUES ('4b69a569e9de9ac7f796e14406354009', 0xACED0005737200436F72672E737072696E676672616D65776F726B2E73656375726974792E6F61757468322E636F6D6D6F6E2E44656661756C744F4175746832416363657373546F6B656E0CB29E361B24FACE0200064C00156164646974696F6E616C496E666F726D6174696F6E74000F4C6A6176612F7574696C2F4D61703B4C000A65787069726174696F6E7400104C6A6176612F7574696C2F446174653B4C000C72656672657368546F6B656E74003F4C6F72672F737072696E676672616D65776F726B2F73656375726974792F6F61757468322F636F6D6D6F6E2F4F417574683252656672657368546F6B656E3B4C000573636F706574000F4C6A6176612F7574696C2F5365743B4C0009746F6B656E547970657400124C6A6176612F6C616E672F537472696E673B4C000576616C756571007E000578707372001E6A6176612E7574696C2E436F6C6C656374696F6E7324456D7074794D6170593614855ADCE7D002000078707372000E6A6176612E7574696C2E44617465686A81014B5974190300007870770800000169E8414B28787372004C6F72672E737072696E676672616D65776F726B2E73656375726974792E6F61757468322E636F6D6D6F6E2E44656661756C744578706972696E674F417574683252656672657368546F6B656E2FDF47639DD0C9B70200014C000A65787069726174696F6E71007E0002787200446F72672E737072696E676672616D65776F726B2E73656375726974792E6F61757468322E636F6D6D6F6E2E44656661756C744F417574683252656672657368546F6B656E73E10E0A6354D45E0200014C000576616C756571007E0005787074002466623265353538312D616535342D343964392D623733372D6233643966666230306239377371007E000977080000016A0624C08278737200256A6176612E7574696C2E436F6C6C656374696F6E7324556E6D6F6469666961626C65536574801D92D18F9B80550200007872002C6A6176612E7574696C2E436F6C6C656374696F6E7324556E6D6F6469666961626C65436F6C6C656374696F6E19420080CB5EF71E0200014C0001637400164C6A6176612F7574696C2F436F6C6C656374696F6E3B7870737200176A6176612E7574696C2E4C696E6B656448617368536574D86CD75A95DD2A1E020000787200116A6176612E7574696C2E48617368536574BA44859596B8B7340300007870770C000000023F400000000000017400067365727665727874000662656172657274002432366265356632322D616265652D343037662D383665642D636332343332633866326338, '5c7c6272795efc7975828ce0165e7b34', 'admin', 'client_2', 0xACED0005737200416F72672E737072696E676672616D65776F726B2E73656375726974792E6F61757468322E70726F76696465722E4F417574683241757468656E7469636174696F6EBD400B02166252130200024C000D73746F7265645265717565737474003C4C6F72672F737072696E676672616D65776F726B2F73656375726974792F6F61757468322F70726F76696465722F4F4175746832526571756573743B4C00127573657241757468656E7469636174696F6E7400324C6F72672F737072696E676672616D65776F726B2F73656375726974792F636F72652F41757468656E7469636174696F6E3B787200476F72672E737072696E676672616D65776F726B2E73656375726974792E61757468656E7469636174696F6E2E416273747261637441757468656E7469636174696F6E546F6B656ED3AA287E6E47640E0200035A000D61757468656E746963617465644C000B617574686F7269746965737400164C6A6176612F7574696C2F436F6C6C656374696F6E3B4C000764657461696C737400124C6A6176612F6C616E672F4F626A6563743B787000737200266A6176612E7574696C2E436F6C6C656374696F6E7324556E6D6F6469666961626C654C697374FC0F2531B5EC8E100200014C00046C6973747400104C6A6176612F7574696C2F4C6973743B7872002C6A6176612E7574696C2E436F6C6C656374696F6E7324556E6D6F6469666961626C65436F6C6C656374696F6E19420080CB5EF71E0200014C00016371007E00047870737200136A6176612E7574696C2E41727261794C6973747881D21D99C7619D03000149000473697A65787000000001770400000001737200426F72672E737072696E676672616D65776F726B2E73656375726974792E636F72652E617574686F726974792E53696D706C654772616E746564417574686F7269747900000000000001A40200014C0004726F6C657400124C6A6176612F6C616E672F537472696E673B7870740001317871007E000C707372003A6F72672E737072696E676672616D65776F726B2E73656375726974792E6F61757468322E70726F76696465722E4F41757468325265717565737400000000000000010200075A0008617070726F7665644C000B617574686F72697469657371007E00044C000A657874656E73696F6E7374000F4C6A6176612F7574696C2F4D61703B4C000B726564697265637455726971007E000E4C00077265667265736874003B4C6F72672F737072696E676672616D65776F726B2F73656375726974792F6F61757468322F70726F76696465722F546F6B656E526571756573743B4C000B7265736F7572636549647374000F4C6A6176612F7574696C2F5365743B4C000D726573706F6E7365547970657371007E0014787200386F72672E737072696E676672616D65776F726B2E73656375726974792E6F61757468322E70726F76696465722E426173655265717565737436287A3EA37169BD0200034C0008636C69656E74496471007E000E4C001172657175657374506172616D657465727371007E00124C000573636F706571007E00147870740008636C69656E745F32737200256A6176612E7574696C2E436F6C6C656374696F6E7324556E6D6F6469666961626C654D6170F1A5A8FE74F507420200014C00016D71007E00127870737200116A6176612E7574696C2E486173684D61700507DAC1C31660D103000246000A6C6F6164466163746F724900097468726573686F6C6478703F400000000000067708000000080000000374000A6772616E745F7479706574000870617373776F7264740009636C69656E745F6964740008636C69656E745F32740008757365726E616D6574000561646D696E78737200256A6176612E7574696C2E436F6C6C656374696F6E7324556E6D6F6469666961626C65536574801D92D18F9B80550200007871007E0009737200176A6176612E7574696C2E4C696E6B656448617368536574D86CD75A95DD2A1E020000787200116A6176612E7574696C2E48617368536574BA44859596B8B7340300007870770C000000103F4000000000000174000673657276657278017371007E0025770C000000103F400000000000017371007E000D7400066F6175746832787371007E001A3F40000000000000770800000010000000007870707371007E0025770C000000103F40000000000000787371007E0025770C000000103F40000000000000787372004F6F72672E737072696E676672616D65776F726B2E73656375726974792E61757468656E7469636174696F6E2E557365726E616D6550617373776F726441757468656E7469636174696F6E546F6B656E00000000000001A40200024C000B63726564656E7469616C7371007E00054C00097072696E636970616C71007E00057871007E0003017371007E00077371007E000B0000000177040000000171007E000F7871007E0031737200176A6176612E7574696C2E4C696E6B6564486173684D617034C04E5C106CC0FB0200015A000B6163636573734F726465727871007E001A3F400000000000067708000000080000000474000D636C69656E745F73656372657474000631323334353671007E001C71007E001D71007E001E71007E001F71007E002071007E002178007073720040636F6D2E7875656368656E672E7365727669636573656375726974792E736572766963652E73657276696365696D706C2E5573657244657461696C73496D706C831893DA7E6A0BEB0200034C000870617373776F726471007E000E4C0005726F6C657371007E00084C0008757365726E616D6571007E000E78707400063132333435367371007E000B0000000177040000000173720021636F6D2E7875656368656E672E656E7469746965732E73797374656D2E526F6C657AE9CEF7130020C50200054C0007627574746F6E7371007E00144C000269647400104C6A6176612F6C616E672F4C6F6E673B4C00056D656E757371007E00144C0008726F6C654E616D6571007E000E4C00067374617475737400134C6A6176612F6C616E672F496E74656765723B78707372002F6F72672E68696265726E6174652E636F6C6C656374696F6E2E696E7465726E616C2E50657273697374656E7453657486E4FDA1F2EEE0AF0200014C000373657471007E00147872003E6F72672E68696265726E6174652E636F6C6C656374696F6E2E696E7465726E616C2E416273747261637450657273697374656E74436F6C6C656374696F6E627400D05F55733C02000A5A001B616C6C6F774C6F61644F7574736964655472616E73616374696F6E49000A63616368656453697A655A000564697274795A000B696E697469616C697A65645A000D697354656D7053657373696F6E4C00036B65797400164C6A6176612F696F2F53657269616C697A61626C653B4C00056F776E657271007E00054C0004726F6C6571007E000E4C001273657373696F6E466163746F72795575696471007E000E4C000E73746F726564536E617073686F7471007E0040787000FFFFFFFF0001007372000E6A6176612E6C616E672E4C6F6E673B8BE490CC8F23DF0200014A000576616C7565787200106A6176612E6C616E672E4E756D62657286AC951D0B94E08B0200007870000000000000000171007E003D740029636F6D2E7875656368656E672E656E7469746965732E73797374656D2E526F6C652E627574746F6E73707371007E001A3F4000000000000177080000000100000000787371007E0025770C000000103F400000000000007871007E00447371007E003E00FFFFFFFF00010071007E004471007E003D740027636F6D2E7875656368656E672E656E7469746965732E73797374656D2E526F6C652E6D656E7573707371007E001A3F4000000000000177080000000100000000787371007E0025770C000000103F400000000000007874000132737200116A6176612E6C616E672E496E746567657212E2A0A4F781873802000149000576616C75657871007E0043000000017874000561646D696E, '59695ed89b7c5105fc331b1bb2b0de6a');

-- ----------------------------
-- Table structure for oauth_approvals
-- ----------------------------
DROP TABLE IF EXISTS `oauth_approvals`;
CREATE TABLE `oauth_approvals` (
  `userId` varchar(256) DEFAULT NULL,
  `clientId` varchar(256) DEFAULT NULL,
  `scope` varchar(256) DEFAULT NULL,
  `status` varchar(10) DEFAULT NULL,
  `expiresAt` timestamp NOT NULL DEFAULT CURRENT_TIMESTAMP ON UPDATE CURRENT_TIMESTAMP,
  `lastModifiedAt` timestamp NOT NULL DEFAULT '0000-00-00 00:00:00'
) ENGINE=InnoDB DEFAULT CHARSET=utf8 ROW_FORMAT=DYNAMIC;

-- ----------------------------
-- Records of oauth_approvals
-- ----------------------------

-- ----------------------------
-- Table structure for oauth_client_details
-- ----------------------------
DROP TABLE IF EXISTS `oauth_client_details`;
CREATE TABLE `oauth_client_details` (
  `client_id` varchar(256) NOT NULL,
  `resource_ids` varchar(256) DEFAULT NULL,
  `client_secret` varchar(256) DEFAULT NULL,
  `scope` varchar(256) DEFAULT NULL,
  `authorized_grant_types` varchar(256) DEFAULT NULL,
  `web_server_redirect_uri` varchar(256) DEFAULT NULL,
  `authorities` varchar(256) DEFAULT NULL,
  `access_token_validity` int(11) DEFAULT NULL,
  `refresh_token_validity` int(11) DEFAULT NULL,
  `additional_information` varchar(4096) DEFAULT NULL,
  `autoapprove` varchar(256) DEFAULT NULL,
  PRIMARY KEY (`client_id`) USING BTREE
) ENGINE=InnoDB DEFAULT CHARSET=utf8 ROW_FORMAT=DYNAMIC;

-- ----------------------------
-- Records of oauth_client_details
-- ----------------------------
INSERT INTO `oauth_client_details` VALUES ('client', '', '$2a$10$ZDjxKik2BmnBxdMErtkxke.iLSKqC.WBViyPx1bLDXS80F8UGpLOG', 'all', 'client_credentials,password,refresh_token,authorization_code', null, 'oauth2', null, null, null, null);

-- ----------------------------
-- Table structure for oauth_client_token
-- ----------------------------
DROP TABLE IF EXISTS `oauth_client_token`;
CREATE TABLE `oauth_client_token` (
  `token_id` varchar(256) DEFAULT NULL,
  `token` blob,
  `authentication_id` varchar(256) NOT NULL,
  `user_name` varchar(256) DEFAULT NULL,
  `client_id` varchar(256) DEFAULT NULL,
  PRIMARY KEY (`authentication_id`) USING BTREE
) ENGINE=InnoDB DEFAULT CHARSET=utf8 ROW_FORMAT=DYNAMIC;

-- ----------------------------
-- Records of oauth_client_token
-- ----------------------------

-- ----------------------------
-- Table structure for oauth_code
-- ----------------------------
DROP TABLE IF EXISTS `oauth_code`;
CREATE TABLE `oauth_code` (
  `code` varchar(256) DEFAULT NULL,
  `authentication` blob
) ENGINE=InnoDB DEFAULT CHARSET=utf8 ROW_FORMAT=DYNAMIC;

-- ----------------------------
-- Records of oauth_code
-- ----------------------------

-- ----------------------------
-- Table structure for oauth_refresh_token
-- ----------------------------
DROP TABLE IF EXISTS `oauth_refresh_token`;
CREATE TABLE `oauth_refresh_token` (
  `token_id` varchar(256) DEFAULT NULL,
  `token` blob,
  `authentication` blob
) ENGINE=InnoDB DEFAULT CHARSET=utf8 ROW_FORMAT=DYNAMIC;

-- ----------------------------
-- Records of oauth_refresh_token
-- ----------------------------
INSERT INTO `oauth_refresh_token` VALUES ('59695ed89b7c5105fc331b1bb2b0de6a', 0xACED00057372004C6F72672E737072696E676672616D65776F726B2E73656375726974792E6F61757468322E636F6D6D6F6E2E44656661756C744578706972696E674F417574683252656672657368546F6B656E2FDF47639DD0C9B70200014C000A65787069726174696F6E7400104C6A6176612F7574696C2F446174653B787200446F72672E737072696E676672616D65776F726B2E73656375726974792E6F61757468322E636F6D6D6F6E2E44656661756C744F417574683252656672657368546F6B656E73E10E0A6354D45E0200014C000576616C75657400124C6A6176612F6C616E672F537472696E673B787074002466623265353538312D616535342D343964392D623733372D6233643966666230306239377372000E6A6176612E7574696C2E44617465686A81014B597419030000787077080000016A0624C08278, 0xACED0005737200416F72672E737072696E676672616D65776F726B2E73656375726974792E6F61757468322E70726F76696465722E4F417574683241757468656E7469636174696F6EBD400B02166252130200024C000D73746F7265645265717565737474003C4C6F72672F737072696E676672616D65776F726B2F73656375726974792F6F61757468322F70726F76696465722F4F4175746832526571756573743B4C00127573657241757468656E7469636174696F6E7400324C6F72672F737072696E676672616D65776F726B2F73656375726974792F636F72652F41757468656E7469636174696F6E3B787200476F72672E737072696E676672616D65776F726B2E73656375726974792E61757468656E7469636174696F6E2E416273747261637441757468656E7469636174696F6E546F6B656ED3AA287E6E47640E0200035A000D61757468656E746963617465644C000B617574686F7269746965737400164C6A6176612F7574696C2F436F6C6C656374696F6E3B4C000764657461696C737400124C6A6176612F6C616E672F4F626A6563743B787000737200266A6176612E7574696C2E436F6C6C656374696F6E7324556E6D6F6469666961626C654C697374FC0F2531B5EC8E100200014C00046C6973747400104C6A6176612F7574696C2F4C6973743B7872002C6A6176612E7574696C2E436F6C6C656374696F6E7324556E6D6F6469666961626C65436F6C6C656374696F6E19420080CB5EF71E0200014C00016371007E00047870737200136A6176612E7574696C2E41727261794C6973747881D21D99C7619D03000149000473697A65787000000001770400000001737200426F72672E737072696E676672616D65776F726B2E73656375726974792E636F72652E617574686F726974792E53696D706C654772616E746564417574686F7269747900000000000001A40200014C0004726F6C657400124C6A6176612F6C616E672F537472696E673B7870740001317871007E000C707372003A6F72672E737072696E676672616D65776F726B2E73656375726974792E6F61757468322E70726F76696465722E4F41757468325265717565737400000000000000010200075A0008617070726F7665644C000B617574686F72697469657371007E00044C000A657874656E73696F6E7374000F4C6A6176612F7574696C2F4D61703B4C000B726564697265637455726971007E000E4C00077265667265736874003B4C6F72672F737072696E676672616D65776F726B2F73656375726974792F6F61757468322F70726F76696465722F546F6B656E526571756573743B4C000B7265736F7572636549647374000F4C6A6176612F7574696C2F5365743B4C000D726573706F6E7365547970657371007E0014787200386F72672E737072696E676672616D65776F726B2E73656375726974792E6F61757468322E70726F76696465722E426173655265717565737436287A3EA37169BD0200034C0008636C69656E74496471007E000E4C001172657175657374506172616D657465727371007E00124C000573636F706571007E00147870740008636C69656E745F32737200256A6176612E7574696C2E436F6C6C656374696F6E7324556E6D6F6469666961626C654D6170F1A5A8FE74F507420200014C00016D71007E00127870737200116A6176612E7574696C2E486173684D61700507DAC1C31660D103000246000A6C6F6164466163746F724900097468726573686F6C6478703F400000000000067708000000080000000374000A6772616E745F7479706574000870617373776F7264740009636C69656E745F6964740008636C69656E745F32740008757365726E616D6574000561646D696E78737200256A6176612E7574696C2E436F6C6C656374696F6E7324556E6D6F6469666961626C65536574801D92D18F9B80550200007871007E0009737200176A6176612E7574696C2E4C696E6B656448617368536574D86CD75A95DD2A1E020000787200116A6176612E7574696C2E48617368536574BA44859596B8B7340300007870770C000000103F4000000000000174000673657276657278017371007E0025770C000000103F400000000000017371007E000D7400066F6175746832787371007E001A3F40000000000000770800000010000000007870707371007E0025770C000000103F4000000000000174000B7265736F75726365496432787371007E0025770C000000103F40000000000000787372004F6F72672E737072696E676672616D65776F726B2E73656375726974792E61757468656E7469636174696F6E2E557365726E616D6550617373776F726441757468656E7469636174696F6E546F6B656E00000000000001A40200024C000B63726564656E7469616C7371007E00054C00097072696E636970616C71007E00057871007E0003017371007E00077371007E000B0000000177040000000171007E000F7871007E0032737200176A6176612E7574696C2E4C696E6B6564486173684D617034C04E5C106CC0FB0200015A000B6163636573734F726465727871007E001A3F400000000000067708000000080000000474000D636C69656E745F73656372657474000631323334353671007E001C71007E001D71007E001E71007E001F71007E002071007E002178007073720040636F6D2E7875656368656E672E7365727669636573656375726974792E736572766963652E73657276696365696D706C2E5573657244657461696C73496D706C831893DA7E6A0BEB0200034C000870617373776F726471007E000E4C0005726F6C657371007E00084C0008757365726E616D6571007E000E78707400063132333435367371007E000B0000000177040000000173720021636F6D2E7875656368656E672E656E7469746965732E73797374656D2E526F6C657AE9CEF7130020C50200054C0007627574746F6E7371007E00144C000269647400104C6A6176612F6C616E672F4C6F6E673B4C00056D656E757371007E00144C0008726F6C654E616D6571007E000E4C00067374617475737400134C6A6176612F6C616E672F496E74656765723B78707372002F6F72672E68696265726E6174652E636F6C6C656374696F6E2E696E7465726E616C2E50657273697374656E7453657486E4FDA1F2EEE0AF0200014C000373657471007E00147872003E6F72672E68696265726E6174652E636F6C6C656374696F6E2E696E7465726E616C2E416273747261637450657273697374656E74436F6C6C656374696F6E627400D05F55733C02000A5A001B616C6C6F774C6F61644F7574736964655472616E73616374696F6E49000A63616368656453697A655A000564697274795A000B696E697469616C697A65645A000D697354656D7053657373696F6E4C00036B65797400164C6A6176612F696F2F53657269616C697A61626C653B4C00056F776E657271007E00054C0004726F6C6571007E000E4C001273657373696F6E466163746F72795575696471007E000E4C000E73746F726564536E617073686F7471007E0041787000FFFFFFFF0001007372000E6A6176612E6C616E672E4C6F6E673B8BE490CC8F23DF0200014A000576616C7565787200106A6176612E6C616E672E4E756D62657286AC951D0B94E08B0200007870000000000000000171007E003E740029636F6D2E7875656368656E672E656E7469746965732E73797374656D2E526F6C652E627574746F6E73707371007E001A3F4000000000000177080000000100000000787371007E0025770C000000103F400000000000007871007E00457371007E003F00FFFFFFFF00010071007E004571007E003E740027636F6D2E7875656368656E672E656E7469746965732E73797374656D2E526F6C652E6D656E7573707371007E001A3F4000000000000177080000000100000000787371007E0025770C000000103F400000000000007874000132737200116A6176612E6C616E672E496E746567657212E2A0A4F781873802000149000576616C75657871007E0044000000017874000561646D696E);

-- ----------------------------
-- Table structure for xc_button
-- ----------------------------
DROP TABLE IF EXISTS `xc_button`;
CREATE TABLE `xc_button` (
  `ID` bigint(20) NOT NULL AUTO_INCREMENT,
  `BgImage` varchar(255) DEFAULT NULL,
  `BthStyle` varchar(255) DEFAULT NULL,
  `BtnClass` varchar(255) DEFAULT NULL,
  `BtnName` varchar(255) DEFAULT NULL,
  `Status` int(11) DEFAULT NULL,
  PRIMARY KEY (`ID`) USING BTREE
) ENGINE=InnoDB DEFAULT CHARSET=utf8 ROW_FORMAT=DYNAMIC;

-- ----------------------------
-- Records of xc_button
-- ----------------------------

-- ----------------------------
-- Table structure for xc_menu
-- ----------------------------
DROP TABLE IF EXISTS `xc_menu`;
CREATE TABLE `xc_menu` (
  `ID` bigint(20) NOT NULL AUTO_INCREMENT,
  `MenuName` varchar(255) DEFAULT NULL COMMENT '菜单名称',
  `MenuPath` varchar(255) DEFAULT NULL COMMENT '菜单路径',
  `ParentID` bigint(20) DEFAULT NULL COMMENT '父菜单ID',
  `BtnID` bigint(20) DEFAULT NULL COMMENT '按钮ID',
  `MenuType` int(10) DEFAULT NULL COMMENT '1:菜单 2:按钮',
  PRIMARY KEY (`ID`) USING BTREE
) ENGINE=InnoDB DEFAULT CHARSET=utf8 ROW_FORMAT=DYNAMIC;

-- ----------------------------
-- Records of xc_menu
-- ----------------------------

-- ----------------------------
-- Table structure for xc_role
-- ----------------------------
DROP TABLE IF EXISTS `xc_role`;
CREATE TABLE `xc_role` (
  `ID` bigint(20) NOT NULL AUTO_INCREMENT,
  `RoleName` varchar(255) DEFAULT NULL,
  `Status` int(11) DEFAULT NULL,
  PRIMARY KEY (`ID`) USING BTREE
) ENGINE=InnoDB AUTO_INCREMENT=2 DEFAULT CHARSET=utf8 ROW_FORMAT=DYNAMIC;

-- ----------------------------
-- Records of xc_role
-- ----------------------------
INSERT INTO `xc_role` VALUES ('1', '2', '1');

-- ----------------------------
-- Table structure for xc_role_menu
-- ----------------------------
DROP TABLE IF EXISTS `xc_role_menu`;
CREATE TABLE `xc_role_menu` (
  `RoleID` bigint(20) NOT NULL,
  `MenuID` bigint(20) NOT NULL,
  KEY `FKtpkb88mlq5flxfn7ih356wjd9` (`MenuID`) USING BTREE,
  KEY `FK36ca3rnnc8br3e7j66a4do26d` (`RoleID`) USING BTREE,
  CONSTRAINT `FK36ca3rnnc8br3e7j66a4do26d` FOREIGN KEY (`RoleID`) REFERENCES `xc_role` (`ID`),
  CONSTRAINT `FKtpkb88mlq5flxfn7ih356wjd9` FOREIGN KEY (`MenuID`) REFERENCES `xc_menu` (`ID`)
) ENGINE=InnoDB DEFAULT CHARSET=utf8 ROW_FORMAT=DYNAMIC;

-- ----------------------------
-- Records of xc_role_menu
-- ----------------------------

-- ----------------------------
-- Table structure for xc_userinfo
-- ----------------------------
DROP TABLE IF EXISTS `xc_userinfo`;
CREATE TABLE `xc_userinfo` (
  `ID` bigint(20) NOT NULL AUTO_INCREMENT,
  `Mobile` varchar(255) DEFAULT NULL,
  `Password` varchar(255) DEFAULT NULL,
  `Status` int(11) DEFAULT NULL COMMENT '1:正常,2:禁用',
  `UserName` varchar(255) DEFAULT NULL,
  `NickName` varchar(255) DEFAULT NULL COMMENT '昵称',
  `RealName` varchar(255) DEFAULT NULL COMMENT '真实姓名',
  PRIMARY KEY (`ID`) USING BTREE
) ENGINE=InnoDB AUTO_INCREMENT=34 DEFAULT CHARSET=utf8 ROW_FORMAT=DYNAMIC;

-- ----------------------------
-- Records of xc_userinfo
-- ----------------------------
INSERT INTO `xc_userinfo` VALUES ('1', '15290881749', '$2a$10$ZDjxKik2BmnBxdMErtkxke.iLSKqC.WBViyPx1bLDXS80F8UGpLOG', '2', 'admin', null, null);
INSERT INTO `xc_userinfo` VALUES ('2', '15290881749', '$2a$10$ZDjxKik2BmnBxdMErtkxke.iLSKqC.WBViyPx1bLDXS80F8UGpLOG', '2', 'qwe', null, null);
INSERT INTO `xc_userinfo` VALUES ('3', '15290881749', '$2a$10$ZDjxKik2BmnBxdMErtkxke.iLSKqC.WBViyPx1bLDXS80F8UGpLOG', '2', 'qwe', null, null);
INSERT INTO `xc_userinfo` VALUES ('4', '15290881749', '$2a$10$ZDjxKik2BmnBxdMErtkxke.iLSKqC.WBViyPx1bLDXS80F8UGpLOG', '2', 'qwe', null, null);
INSERT INTO `xc_userinfo` VALUES ('5', '15290881749', '$2a$10$ZDjxKik2BmnBxdMErtkxke.iLSKqC.WBViyPx1bLDXS80F8UGpLOG', '2', 'qwe', null, null);
INSERT INTO `xc_userinfo` VALUES ('6', '15290881749', '$2a$10$ZDjxKik2BmnBxdMErtkxke.iLSKqC.WBViyPx1bLDXS80F8UGpLOG', '2', 'qwe', null, null);
INSERT INTO `xc_userinfo` VALUES ('7', '15290881749', '$2a$10$ZDjxKik2BmnBxdMErtkxke.iLSKqC.WBViyPx1bLDXS80F8UGpLOG', '2', 'qwe', null, null);
INSERT INTO `xc_userinfo` VALUES ('8', '15290881749', '$2a$10$ZDjxKik2BmnBxdMErtkxke.iLSKqC.WBViyPx1bLDXS80F8UGpLOG', '2', 'qwe', null, null);
INSERT INTO `xc_userinfo` VALUES ('9', '15290881749', '$2a$10$ZDjxKik2BmnBxdMErtkxke.iLSKqC.WBViyPx1bLDXS80F8UGpLOG', '2', 'qwe', null, null);
INSERT INTO `xc_userinfo` VALUES ('10', '15290881749', '$2a$10$ZDjxKik2BmnBxdMErtkxke.iLSKqC.WBViyPx1bLDXS80F8UGpLOG', '2', 'qwe', null, null);
INSERT INTO `xc_userinfo` VALUES ('11', '15290881749', '$2a$10$ZDjxKik2BmnBxdMErtkxke.iLSKqC.WBViyPx1bLDXS80F8UGpLOG', '2', 'qwe', null, null);
INSERT INTO `xc_userinfo` VALUES ('12', '15290881749', '$2a$10$ZDjxKik2BmnBxdMErtkxke.iLSKqC.WBViyPx1bLDXS80F8UGpLOG', '2', 'qwe', null, null);
INSERT INTO `xc_userinfo` VALUES ('13', '15290881749', '$2a$10$ZDjxKik2BmnBxdMErtkxke.iLSKqC.WBViyPx1bLDXS80F8UGpLOG', '2', 'qwe', null, null);
INSERT INTO `xc_userinfo` VALUES ('14', '15290881749', '$2a$10$ZDjxKik2BmnBxdMErtkxke.iLSKqC.WBViyPx1bLDXS80F8UGpLOG', '2', 'qwe', null, null);
INSERT INTO `xc_userinfo` VALUES ('15', '15290881749', '$2a$10$ZDjxKik2BmnBxdMErtkxke.iLSKqC.WBViyPx1bLDXS80F8UGpLOG', '2', 'qwe', null, null);
INSERT INTO `xc_userinfo` VALUES ('16', '15290881749', '$2a$10$ZDjxKik2BmnBxdMErtkxke.iLSKqC.WBViyPx1bLDXS80F8UGpLOG', '2', 'qwe', null, null);
INSERT INTO `xc_userinfo` VALUES ('17', '15290881749', '$2a$10$ZDjxKik2BmnBxdMErtkxke.iLSKqC.WBViyPx1bLDXS80F8UGpLOG', '2', 'qwe', null, null);
INSERT INTO `xc_userinfo` VALUES ('18', '15290881749', '$2a$10$ZDjxKik2BmnBxdMErtkxke.iLSKqC.WBViyPx1bLDXS80F8UGpLOG', '2', 'qwe', null, null);
INSERT INTO `xc_userinfo` VALUES ('19', '15290881749', '$2a$10$ZDjxKik2BmnBxdMErtkxke.iLSKqC.WBViyPx1bLDXS80F8UGpLOG', '2', 'qwe', null, null);
INSERT INTO `xc_userinfo` VALUES ('20', '15290881749', '$2a$10$ZDjxKik2BmnBxdMErtkxke.iLSKqC.WBViyPx1bLDXS80F8UGpLOG', '2', 'qwe', null, null);
INSERT INTO `xc_userinfo` VALUES ('21', '15290881749', '$2a$10$ZDjxKik2BmnBxdMErtkxke.iLSKqC.WBViyPx1bLDXS80F8UGpLOG', '2', 'qwe', null, null);
INSERT INTO `xc_userinfo` VALUES ('22', '15290881749', '$2a$10$ZDjxKik2BmnBxdMErtkxke.iLSKqC.WBViyPx1bLDXS80F8UGpLOG', '2', 'qwe', null, null);
INSERT INTO `xc_userinfo` VALUES ('23', '15290881749', '$2a$10$ZDjxKik2BmnBxdMErtkxke.iLSKqC.WBViyPx1bLDXS80F8UGpLOG', '2', 'qwe', null, null);
INSERT INTO `xc_userinfo` VALUES ('24', '15290881749', '$2a$10$ZDjxKik2BmnBxdMErtkxke.iLSKqC.WBViyPx1bLDXS80F8UGpLOG', '2', 'qwe', null, null);
INSERT INTO `xc_userinfo` VALUES ('25', '15290881749', '$2a$10$ZDjxKik2BmnBxdMErtkxke.iLSKqC.WBViyPx1bLDXS80F8UGpLOG', '2', 'qwe', null, null);
INSERT INTO `xc_userinfo` VALUES ('26', '15290881749', '$2a$10$ZDjxKik2BmnBxdMErtkxke.iLSKqC.WBViyPx1bLDXS80F8UGpLOG', '2', 'qwe', null, null);
INSERT INTO `xc_userinfo` VALUES ('27', '15290881749', '$2a$10$ZDjxKik2BmnBxdMErtkxke.iLSKqC.WBViyPx1bLDXS80F8UGpLOG', '2', 'qwe', null, null);
INSERT INTO `xc_userinfo` VALUES ('28', '15290881749', '$2a$10$ZDjxKik2BmnBxdMErtkxke.iLSKqC.WBViyPx1bLDXS80F8UGpLOG', '2', 'qwe', null, null);
INSERT INTO `xc_userinfo` VALUES ('29', '15290881749', '$2a$10$ZDjxKik2BmnBxdMErtkxke.iLSKqC.WBViyPx1bLDXS80F8UGpLOG', '2', 'qwe', null, null);
INSERT INTO `xc_userinfo` VALUES ('30', '15290881749', '$2a$10$ZDjxKik2BmnBxdMErtkxke.iLSKqC.WBViyPx1bLDXS80F8UGpLOG', '2', 'qwe', null, null);
INSERT INTO `xc_userinfo` VALUES ('31', '15290881749', '$2a$10$ZDjxKik2BmnBxdMErtkxke.iLSKqC.WBViyPx1bLDXS80F8UGpLOG', '2', 'qwe', null, null);
INSERT INTO `xc_userinfo` VALUES ('32', '15290881749', '$2a$10$ZDjxKik2BmnBxdMErtkxke.iLSKqC.WBViyPx1bLDXS80F8UGpLOG', '2', 'qwe', null, null);
INSERT INTO `xc_userinfo` VALUES ('33', '15290881749', '$2a$10$ZDjxKik2BmnBxdMErtkxke.iLSKqC.WBViyPx1bLDXS80F8UGpLOG', '2', 'qwe', null, null);

-- ----------------------------
-- Table structure for xc_user_role
-- ----------------------------
DROP TABLE IF EXISTS `xc_user_role`;
CREATE TABLE `xc_user_role` (
  `UserInfoID` bigint(20) NOT NULL,
  `RoleID` bigint(20) NOT NULL,
  PRIMARY KEY (`UserInfoID`,`RoleID`) USING BTREE,
  KEY `FKfi29xp443fv2odmqy9uwouhn8` (`RoleID`) USING BTREE,
  CONSTRAINT `FKfi29xp443fv2odmqy9uwouhn8` FOREIGN KEY (`RoleID`) REFERENCES `xc_role` (`ID`),
  CONSTRAINT `FKq4gyxj9k0bah96ni9e2aeoy4m` FOREIGN KEY (`UserInfoID`) REFERENCES `xc_userinfo` (`ID`)
) ENGINE=InnoDB DEFAULT CHARSET=utf8 ROW_FORMAT=DYNAMIC;

-- ----------------------------
-- Records of xc_user_role
-- ----------------------------
INSERT INTO `xc_user_role` VALUES ('1', '1');
